Metric,Value,P-Value
Spearman Correlation,-0.11584279153517023,0.01675678985245332
Pearson Correlation,-0.12055221224276441,0.01277626110234567
Kendall-Tau,-0.1098211672737922,0.012946138376509665
