Metric,Value,P-Value
Spearman Correlation, 0.0319646258267047,0.7234321651214941
Pearson Correlation, 0.05232651284835669,0.5622194155179334
Kendall-Tau,0.03576562063890263,0.5672790720832044
