Metric,Value,P-Value
Spearman Correlation,0.0960537675981,6.63802841737993e-06
Pearson Correlation, 0.0960537675981,5.645125556388094e-06
Kendall-Tau,0.06917435377919012,6.1153191585695695e-06
